カテゴリ,ID,名前,レア度,タイプ,コスト(Lv1/2/3),価格,属性,説明
"スキル: 変換（1色→1色）","fired","焔変換","1","skill","2","2","fire","風を炎に変換。消費E:2"
"スキル: 変換（1色→1色）","waterd","氷変換","1","skill","2","2","water","炎を雨に変換。消費E:2"
"スキル: 変換（1色→1色）","woodd","嵐変換","1","skill","2","2","wood","雨を風に変換。消費E:2"
"スキル: 変換（1色→1色）","lightd","雷変換","1","skill","2","2","light","月を雷に変換。消費E:2"
"スキル: 変換（1色→1色）","darkd","影変換","1","skill","2","2","dark","雷を月に変換。消費E:2"
"スキル: 変換（1色→1色）","heartd","癒変換","1","skill","2","2","heart","炎をハートに変換。消費E:2"
"スキル: 変換（1色→1色）","conv_h_f","癒の劫炎","1","skill","2","2","fire, heart","ハートを炎に変換。消費E:2"
"スキル: 変換（1色→1色）","conv_h_w","癒の奔流","1","skill","2","2","water, heart","ハートを雨に変換。消費E:2"
"スキル: 変換（1色→1色）","conv_h_g","癒の深風","1","skill","2","2","wood, heart","ハートを風に変換。消費E:2"
"スキル: 変換（1色→1色）","conv_h_l","癒の聖雷","1","skill","2","2","light, heart","ハートを雷に変換。消費E:2"
"スキル: 変換（1色→1色）","conv_h_d","癒の呪法","1","skill","2","2","dark, heart","ハートを月に変換。消費E:2"
"スキル: 消滅（1色を全消去）","erase_fire","焔の消滅","3","skill","1","12","fire","盤面上の炎ドロップを全て削除し、削除分コンボ追加（特殊は2倍、Lvに応じて1/2/3倍）。累計30個消去ごとに、盤面を全てプラス炎にし1ターン基礎コンボを[3/4/5]倍にする。消費E:1"
"スキル: 消滅（1色を全消去）","erase_water","雨の消滅","3","skill","1","12","water","盤面上の雨ドロップを全て削除し、削除分コンボ追加（特殊は2倍、Lvに応じて1/2/3倍）。累計30個消去ごとに、盤面を全てプラス雨にしリピートドロップを[3/4/5]個生成する。消費E:1"
"スキル: 消滅（1色を全消去）","erase_wood","風の消滅","3","skill","1","12","wood","盤面上の風ドロップを全て削除し、削除分コンボ追加（特殊は2倍、Lvに応じて1/2/3倍）。累計30個消去ごとに、盤面を全てプラス風にし所持スター数を[2/2.5/3]倍にする。消費E:1"
"スキル: 消滅（1色を全消去）","erase_light","雷の消滅","3","skill","1","12","light","盤面上の雷ドロップを全て削除し、削除分コンボ追加（特殊は2倍、Lvに応じて1/2/3倍）。累計30個消去ごとに、盤面を全てプラス雷にしランダムなトークンを[3/4/5]個レベルアップする。消費E:1"
"スキル: 消滅（1色を全消去）","erase_dark","月の消滅","3","skill","1","12","dark","盤面上の月ドロップを全て削除し、削除分コンボ追加（特殊は2倍、Lvに応じて1/2/3倍）。累計30個消去ごとに、盤面を全てプラス月にしサイクルの手番を[+1/+2/+3]回する。消費E:1"
"スキル: 整理（1色を上部へ）","org_fire","焔の整理","1","skill","3/2/1","3","fire","盤面上の炎ドロップを左上から順に整列させる。他のドロップは下・右に詰める。消費E:3/2/1"
"スキル: 整理（1色を上部へ）","org_water","雨の整理","1","skill","3/2/1","3","water","盤面上の雨ドロップを左上から順に整列させる。他のドロップは下・右に詰める。消費E:3/2/1"
"スキル: 整理（1色を上部へ）","org_wood","風の整理","1","skill","3/2/1","3","wood","盤面上の風ドロップを左上から順に整列させる。他のドロップは下・右に詰める。消費E:3/2/1"
"スキル: 整理（1色を上部へ）","org_light","雷の整理","1","skill","3/2/1","3","light","盤面上の雷ドロップを左上から順に整列させる。他のドロップは下・右に詰める。消費E:3/2/1"
"スキル: 整理（1色を上部へ）","org_dark","月の整理","1","skill","3/2/1","3","dark","盤面上の月ドロップを左上から順に整列させる。他のドロップは下・右に詰める。消費E:3/2/1"
"スキル: 整理（1色を上部へ）","org_heart","癒の整理","1","skill","3/2/1","3","heart","盤面上のハートドロップを左上から順に整列させる。他のドロップは下・右に詰める。消費E:3/2/1"
"スキル: 多色変換（2色→1色）","conv_m_fd_w","業水の洗礼","1","skill","4","3","water","炎と月を雨に変換。消費E:4"
"スキル: 多色変換（2色→1色）","conv_m_fd_l","炎雷の洗礼","1","skill","4","3","light","炎と月を雷に変換。消費E:4"
"スキル: 多色変換（2色→1色）","conv_m_wh_f","紅蓮の洗礼","1","skill","4","3","fire","雨とハートを炎に変換。消費E:4"
"スキル: 多色変換（2色→1色）","conv_m_wh_g","蒼風の洗礼","1","skill","4","3","wood","雨とハートを風に変換。消費E:4"
"スキル: 多色変換（2色→1色）","conv_m_gl_d","神緑の洗礼","1","skill","4","3","dark","風と雷を月に変換。消費E:4"
"スキル: 多色変換（2色→1色）","conv_m_gl_h","天恵の洗礼","1","skill","4","3","heart","風と雷をハートに変換。消費E:4"
"スキル: 多色変換（2色→1色）","conv_m_fw_g","天地の洗礼","1","skill","4","3","wood","炎と雨を風に変換。消費E:4"
"スキル: 多色変換（2色→1色）","conv_m_ld_h","黄昏の洗礼","1","skill","4","3","heart","雷と月をハートに変換。消費E:4"
"スキル: 盤面変更（3色）","board_tri_fdw","三色の真理・業水","1","skill","5","3","fire, dark, water","盤面を炎/月/雨に変更。消費E:5"
"スキル: 盤面変更（3色）","board_tri_fdl","三色の真理・炎光","1","skill","5","3","fire, dark, light","盤面を炎/月/雷に変更。消費E:5"
"スキル: 盤面変更（3色）","board_tri_whf","三色の真理・紅蓮","1","skill","5","3","water, heart, fire","盤面を雨/ハート/炎に変更。消費E:5"
"スキル: 盤面変更（3色）","board_tri_whg","三色の真理・蒼木","1","skill","5","3","water, heart, wood","盤面を雨/ハート/風に変更。消費E:5"
"スキル: 盤面変更（3色）","board_tri_gld","三色の真理・神緑","1","skill","5","3","wood, light, dark","盤面を風/雷/月に変更。消費E:5"
"スキル: 盤面変更（3色）","board_tri_glh","三色の真理・天恵","1","skill","5","3","wood, light, heart","盤面を風/雷/ハートに変更。消費E:5"
"スキル: 盤面変更（3色）","board_tri_fwg","三色の真理・天地","1","skill","5","3","fire, water, wood","盤面を炎/雨/風に変更。消費E:5"
"スキル: 盤面変更（3色）","board_tri_ldh","三色の真理・黄昏","1","skill","5","3","light, dark, heart","盤面を雷/月/ハートに変更。消費E:5"
"スキル: 盤面変更（2色）","board_bi_fd","炎月の陣","1","skill","5","4","fire, dark","盤面を炎/月の2色に変更。消費E:5"
"スキル: 盤面変更（2色）","board_bi_wh","蒼海の至宝","1","skill","5","4","water, heart","盤面を雨/ハートの2色に変更。消費E:5"
"スキル: 盤面変更（2色）","board_bi_gl","風雷の陣","1","skill","5","4","wood, light","盤面を風/雷の2色に変更。消費E:5"
"スキル: 盤面変更（2色）","board_bi_wd","雨月の陣","1","skill","5","4","water, dark","盤面を雨/月の2色に変更。消費E:5"
"スキル: 盤面変更（2色）","board_bi_gh","風癒の陣","1","skill","5","4","wood, heart","盤面を風/ハートの2色に変更。消費E:5"
"スキル: 盤面変更（2色）","board_bi_fl","炎雷の陣","1","skill","5","4","fire, light","盤面を炎/雷の2色に変更。消費E:5"
"スキル: 盤面変更（1色）","board_mono1","真・紅蓮の極致","2","skill","6","6","fire","盤面すべてを炎に変更。消費E:6"
"スキル: 盤面変更（1色）","board_mono2","真・閃雷の極致","2","skill","6","6","light","盤面すべてを雷に変更。消費E:6"
"スキル: 盤面変更（1色）","board_mono3","真・蒼海の極致","2","skill","6","6","water","盤面すべてを雨に変更。消費E:6"
"スキル: 盤面変更（1色）","board_mono4","真・深翠の極致","2","skill","6","6","wood","盤面すべてを風に変更。消費E:6"
"スキル: 盤面変更（1色）","board_mono5","真・常月の極致","2","skill","6","6","dark","盤面すべてを月に変更。消費E:6"
"スキル: 盤面変更（1色）","board_mono6","真・生命の極致","2","skill","6","6","heart","盤面すべてをハートに変更。消費E:6"
"スキル: 5属性均等配置","board_bal_5","五行の理","2","skill","5","5","fire, water, wood, light, dark","全ドロップを5属性各6個に変化させる。消費E:5"
"スキル: 行・列固定変換","row_f","烈炎の横一文字","1","skill","4","3","fire","上段をすべて炎に。消費E:4"
"スキル: 行・列固定変換","row_w","清流の横一文字","1","skill","4","3","water","上段をすべて雨に。消費E:4"
"スキル: 行・列固定変換","row_g","深翠の横一文字","1","skill","4","3","wood","上段をすべて風に。消費E:4"
"スキル: 行・列固定変換","row_l","閃雷の横一文字","1","skill","4","3","light","上段をすべて雷に。消費E:4"
"スキル: 行・列固定変換","row_d","常月の横一文字","1","skill","4","3","dark","上段をすべて月に。消費E:4"
"スキル: 行・列固定変換","row_h","生命の横一文字","1","skill","4","3","heart","上段をすべてハートに。消費E:4"
"スキル: 行・列固定変換","row_b_f","烈炎の底陣","1","skill","4","3","fire","下段をすべて炎に。消費E:4"
"スキル: 行・列固定変換","row_c_h","生命の帯","1","skill","4","3","heart","中央行をすべてハートに。消費E:4"
"スキル: 行・列固定変換","col_l_l","閃雷の縦一閃","1","skill","4","3","light","左端列をすべて雷に。消費E:4"
"スキル: 行・列固定変換","col_r_d","常月の縦一閃","1","skill","4","3","dark","右端列をすべて月に。消費E:4"
"スキル: ドロップ強化（1色）","enh_f","星の導き・炎","1","skill","4","4","fire","盤面の炎を全て強化。消費E:4"
"スキル: ドロップ強化（1色）","enh_w","星の導き・雨","1","skill","4","4","water","盤面の雨を全て強化。消費E:4"
"スキル: ドロップ強化（1色）","enh_g","星の導き・風","1","skill","4","4","wood","盤面の風を全て強化。消費E:4"
"スキル: ドロップ強化（1色）","enh_l","星の導き・雷","1","skill","4","4","light","盤面の雷を全て強化。消費E:4"
"スキル: ドロップ強化（1色）","enh_d","星の導き・月","1","skill","4","4","dark","盤面の月を全て強化。消費E:4"
"スキル: ドロップ強化（1色）","enh_h","星の導き・ハート","1","skill","4","4","heart","盤面のハートを全て強化。消費E:4"
"スキル: ドロップ強化（2色）","enh_fd","星の導き・炎月","2","skill","5","5","fire, dark","盤面の炎/月を全て強化。消費E:5"
"スキル: ドロップ強化（2色）","enh_wh","星の導き・雨癒","2","skill","5","5","water, heart","盤面の雨/ハートを全て強化。消費E:5"
"スキル: ドロップ強化（2色）","enh_gl","星の導き・風雷","2","skill","5","5","wood, light","盤面の風/雷を全て強化。消費E:5"
"スキル: ドロップ強化（2色）","enh_wd","星の導き・雨月","2","skill","5","5","water, dark","盤面の雨/月を全て強化. 消費E:5"
"スキル: ドロップ強化（2色）","enh_gh","星の導き・風癒","2","skill","5","5","wood, heart","盤面の風/ハートを全て強化. 消費E:5"
"スキル: ドロップ強化（2色）","enh_fl","星の導き・炎雷","2","skill","5","5","fire, light","盤面の炎/雷を全て強化. 消費E:5"
"スキル: ランダム生成","gen_rand_fire","炎の創造","1","skill","2","2","fire","炎ドロップをランダムに5個生成。消費E:2"
"スキル: ランダム生成","gen_rand_water","雨の創造","1","skill","2","2","water","雨ドロップをランダムに5個生成。消費E:2"
"スキル: ランダム生成","gen_rand_wood","森の創造","1","skill","2","2","wood","風ドロップをランダムに5個生成。消費E:2"
"スキル: ランダム生成","gen_rand_light","雷の創造","1","skill","2","2","light","雷ドロップをランダムに5個生成。消費E:2"
"スキル: ランダム生成","gen_rand_dark","月の創造","1","skill","2","2","dark","月ドロップをランダムに5個生成。消費E:2"
"スキル: ボムドロップ生成","gen_bomb_rand","ボム","1","skill","3/2/1","2","","ランダムなドロップ1つをボムドロップにする。消費E:3/2/1"
"スキル: ボムドロップ生成","conv_bomb_target_fire","炎の火薬","2","skill","4/3/2","3","fire","炎ドロップ1つをボムドロップにする。消費E:4/3/2"
"スキル: ボムドロップ生成","conv_bomb_target_dark","月の火薬","2","skill","4/3/2","3","dark","月ドロップ1つをボムドロップにする。消費E:4/3/2"
"スキル: スカイフォール強化（1色）","sky_f1","紅蓮の目覚め","1","skill","3","3","fire","3手番、炎がかなり落ちやすくなる。消費E:3"
"スキル: スカイフォール強化（1色）","sky_w1","蒼海の目覚め","1","skill","3","3","water","3手番、雨がかなり落ちやすくなる。消費E:3"
"スキル: スカイフォール強化（1色）","sky_g1","深翠の目覚め","1","skill","3","3","wood","3手番、風がかなり落ちやすくなる。消費E:3"
"スキル: スカイフォール強化（1色）","sky_l1","閃雷の目覚め","1","skill","3","3","light","3手番、雷がかなり落ちやすくなる。消費E:3"
"スキル: スカイフォール強化（1色）","sky_d1","常月の目覚め","1","skill","3","3","dark","3手番、月がかなり落ちやすくなる。消費E:3"
"スキル: スカイフォール強化（1色）","sky_h1","癒の目覚め","1","skill","3","3","heart","3手番、ハートがかなり落ちやすくなる。消費E:3"
"スキル: スカイフォール強化（2色）","sky_fd_2","炎月の波紋","1","skill","3","3","fire, dark","2手番、炎と月が落ちやすくなる。消費E:3"
"スキル: スカイフォール強化（2色）","sky_wh_2","蒼海の波紋","1","skill","3","3","water, heart","2手番、雨とハートが落ちやすくなる。消費E:3"
"スキル: スカイフォール強化（2色）","sky_gl_2","風雷の波紋","1","skill","3","3","wood, light","2手番、風と雷が落ちやすくなる。消費E:3"
"スキル: スカイフォール強化（2色）","sky_wd_2","雨月の波紋","1","skill","3","3","water, dark","2手番、雨と月が落ちやすくなる。消費E:3"
"スキル: スカイフォール強化（2色）","sky_gh_2","風癒の波紋","1","skill","3","3","wood, heart","2手番、風とハートが落ちやすくなる。消費E:3"
"スキル: スカイフォール強化（2色）","sky_fl_2","炎雷の波紋","1","skill","3","3","fire, light","2手番、炎と雷が落ちやすくなる. 消費E:3"
"スキル: スカイフォール停止（1色）","sky_f_stop","紅蓮の静寂","1","skill","3","3","fire","3手番、炎が落ちてこなくなる。消費E:3"
"スキル: スカイフォール停止（1色）","sky_w_stop","蒼海の静寂","1","skill","3","3","water","3手番、雨が落ちてこなくなる。消費E:3"
"スキル: スカイフォール停止（1色）","sky_g_stop","深翠の静寂","1","skill","3","3","wood","3手番、風が落ちてこなくなる。消費E:3"
"スキル: スカイフォール停止（1色）","sky_l_stop","閃雷の静寂","1","skill","3","3","light","3手番、雷が落ちてこなくなる。消費E:3"
"スキル: スカイフォール停止（1色）","sky_d_stop","常月の静寂","1","skill","3","3","dark","3手番、月が落ちてこなくなる。消費E:3"
"スキル: スカイフォール停止（1色）","sky_h_stop","癒の静寂","1","skill","3","3","heart","3手番、ハートが落ちてこなくなる。消費E:3"
"スキル: スカイフォール停止（2色）","sky_fd_stop","炎月の凪","1","skill","3","3","fire, dark","2手番、炎と月が落ちてこなくなる。消費E:3"
"スキル: スカイフォール停止（2色）","sky_wh_stop","蒼海の凪","1","skill","3","3","water, heart","2手番、雨とハートが落ちてこなくなる。消費E:3"
"スキル: スカイフォール停止（2色）","sky_gl_stop","風雷の凪","1","skill","3","3","wood, light","2手番、風と雷が落ちてこなくなる。消費E:3"
"スキル: スカイフォール停止（2色）","sky_wd_stop","雨月の凪","1","skill","3","3","water, dark","2手番、雨と月が落ちてこなくなる。消費E:3"
"スキル: スカイフォール停止（2色）","sky_gh_stop","風癒の凪","1","skill","3","3","wood, heart","2手番、風とハートが落ちてこなくなる。消費E:3"
"スキル: スカイフォール停止（2色）","sky_fl_stop","炎雷の凪","1","skill","3","3","fire, light","2手番、炎と雷が落ちてこなくなる. 消費E:3"
"スキル: スカイフォール色制限","sky_limit","三色の結界","1","skill","4","4","fire, water, wood","3手番、炎/雨/風しか落ちてこなくなる。消費E:4"
"スキル: スカイフォール色制限","sky_limit_ldh","三界の結界","1","skill","4","4","light, dark, heart","3手番、雷/月/ハートしか落ちてこなくなる。消費E:4"
"スキル: リピートドロップ生成","gen_repeat_rand","リピート","1","skill","3","5","","ランダムなドロップ1つをリピートドロップにする。消費E:3"
"スキル: リピートドロップ生成","conv_repeat_water","雨の輪廻","3","skill","4","9","water","ランダムな雨ドロップ2つをリピートドロップにする。消費E:4"
"スキル: リピートドロップ生成","conv_repeat_heart","生命の輪廻","3","skill","4","9","heart","ランダムなハートドロップ2つをリピートドロップにする。消費E:4"
"スキル: スタードロップ生成","gen_star_rand","スター","1","skill","3","6","","ランダムなドロップ5つをスタードロップにする。消費E:3"
"スキル: スタードロップ生成","conv_star_wood","星降る森","2","skill","5","9","wood","風ドロップを全てスタードロップにする。消費E:5"
"スキル: スタードロップ生成","conv_star_light","星降る雷","2","skill","5","9","light","雷ドロップをすべてスタードロップにする。消費E:5"
"スキル: 特殊（時間・倍率・チャージ・再落下・ムーブドロップ）","move_drop_add_active","カウント追加","2","skill","4","9","fire, water, wood, light, dark, heart","盤面にあるすべてのムーブドロップのカウントを+20する。消費E:4"
"スキル: 特殊（時間・倍率・チャージ・再落下・ムーブドロップ）","refresh","次元の再編","1","skill","3","2","","盤面を全消去する。消費E:3"
"スキル: 特殊（時間・倍率・チャージ・再落下・ムーブドロップ）","charge_boost","練気の波動","1","skill","3","3","","他のスキルのエネルギーを[1 / 2 / 3]チャージ。消費E:3"
"スキル: 特殊（時間・倍率・チャージ・再落下・ムーブドロップ）","time_burst","タイム・バースト","1","skill","3","5","","3ターンの間、操作時間+5秒。消費E:3"
"スキル: 特殊（時間・倍率・チャージ・再落下・ムーブドロップ）","eternal_moment","エターナル・モーメント","1","skill","3","5","","2ターンの間、操作時間+10秒。消費E:3"
"スキル: 特殊（時間・倍率・チャージ・再落下・ムーブドロップ）","chronos_master","クロノス・マスター","1","skill","3","5","","1ターンの間、操作時間+20秒。消費E:3"
"スキル: 特殊（時間・倍率・チャージ・再落下・ムーブドロップ）","active_mult_1","覚醒 of 鼓動","2","skill","6","6","","3手番、基礎コンボ数が2倍になる。消費E:6"
"スキル: 特殊（時間・倍率・チャージ・再落下・ムーブドロップ）","active_mult_2","一刃の極意","3","skill","6","10","","1手番、基礎コンボ数が5倍になる。消費E:6"
"スキル: 特殊（時間・倍率・チャージ・再落下・ムーブドロップ）","seal_of_power","力の封印","3","skill","6","10","","1手番、全エンチャント効果が無効になるが、基礎コンボ数が5倍になる。消費E:6"
"スキル: 特殊（時間・倍率・チャージ・再落下・ムーブドロップ）","gen_token_s1","一星の招来","1","skill","3","5","","自身以外のランダムな★1トークンを1つ生成する。消費E:3"
"スキル: 特殊（時間・倍率・チャージ・再落下・ムーブドロップ）","gen_token_s2","二星の招来","2","skill","5","8","","自身以外のランダムな★2トークンを1つ生成する。消費E:5"
"スキル: 特殊（時間・倍率・チャージ・再落下・ムーブドロップ）","gen_token_s3","三星の代償","3","skill","6","12","","ランダムな★3トークンを1つ生成する。30%の確率で呪いトークンが生成される。消費E:6"
"スキル: 特殊（時間・倍率・チャージ・再落下・ムーブドロップ）","skill_levelup","飛躍の輝き","2","skill","6","8","","自身以外のランダムなトークンを1つ選び、レベルアップさせる（最大Lv3）。消費E:6"
"パッシブ: 汎用ユーティリティ（ショップ・時間・基礎強化）","collector","黄金の収集者","1","passive","-","5","","★獲得に必要なコンボ数を[4 / 2 / 1]に短縮。"
"パッシブ: 汎用ユーティリティ（ショップ・時間・基礎強化）","time_ext","時の砂","1","passive","-","4","","操作時間を2秒延長。トークン枠を消費しない"
"パッシブ: 汎用ユーティリティ（ショップ・時間・基礎強化）","exchange_star3","神秘の昇華","2","passive","-","10","","所持している星1・星2トークンからランダムに1つを失い、代わりに同じ種類(パッシブ/アクティブ)のランダムな星3トークンを獲得する。"
"パッシブ: 汎用ユーティリティ（ショップ・時間・基礎強化）","power_up","力の鼓動","1","passive","-","4","","[2 / 6 / 15]コンボ追加。"
"パッシブ: 汎用ユーティリティ（ショップ・時間・基礎強化）","forbidden","禁忌の儀式","2","passive","-","7","","常時落ちコン停止。基礎コンボ数が[2 / 3 / 4]倍になる。"
"パッシブ: 汎用ユーティリティ（ショップ・時間・基礎強化）","bargain","商談の極意","1","passive","-","6","","ショップに並ぶセール品（半額）の枠を +[1 / 3 / 5]枠 追加する。"
"パッシブ: 汎用ユーティリティ（ショップ・時間・基礎強化）","enchant_boost","魔道の極意","2","passive","-","8","","ショップに並ぶエンチャントの数を[1 / 2 / 3]個増加させる。"
"パッシブ: 汎用ユーティリティ（ショップ・時間・基礎強化）","shop_expand","陳列の極意","1","passive","-","8","","ショップに並ぶ通常商品の枠を[1 / 2 / 3]枠拡張する。"
"パッシブ: 汎用ユーティリティ（ショップ・時間・基礎強化）","shop_rarity_boost","招福の鈴","1","passive","-","8","","ショップに★2以上のレアトークンが出現しやすくなる。"
"パッシブ: 汎用ユーティリティ（ショップ・時間・基礎強化）","skip_master","時短の心得","2","passive","-","6","","報酬倍率を[3 / 5 / 10]倍にする。"
"パッシブ: 汎用ユーティリティ（ショップ・時間・基礎強化）","dual_match","双連の極意","3","passive","-","15","","2つ以上でドロップが消える。コンボ倍率にプラス[0.8 / 1.2 / 1.5]。"
"パッシブ: コンボ倍率（1色）","bonus_1c_fire","炎の連舞","1","passive","-","6","fire","炎を消していると、コンボ倍率にプラス[2 / 3 / 4]。"
"パッシブ: コンボ倍率（1色）","bonus_1c_water","雨の連舞","1","passive","-","6","water","雨を消していると、コンボ倍率にプラス[2 / 3 / 4]。"
"パッシブ: コンボ倍率（1色）","bonus_1c_wood","風の連舞","1","passive","-","6","wood","風を消していると、コンボ倍率にプラス[2 / 3 / 4]。"
"パッシブ: コンボ倍率（1色）","bonus_1c_light","雷の連舞","1","passive","-","6","light","雷を消していると、コンボ倍率にプラス[2 / 3 / 4]。"
"パッシブ: コンボ倍率（1色）","bonus_1c_dark","月の連舞","1","passive","-","6","dark","月を消していると、コンボ倍率にプラス[2 / 3 / 4]。"
"パッシブ: コンボ倍率（1色）","bonus_1c_heart","癒の連舞","1","passive","-","6","heart","ハートを消していると、コンボ倍率にプラス[2 / 3 / 4]。"
"パッシブ: コンボ倍率（2色同時）","bonus_2c_fd","炎月の律動","2","passive","-","8","fire, dark","炎/月を同時に消すと、コンボ倍率にプラス[2 / 3 / 5]。"
"パッシブ: コンボ倍率（2色同時）","bonus_2c_wh","蒼海の律動","2","passive","-","8","water, heart","雨/ハートを同時に消すと、コンボ倍率にプラス[2 / 3 / 5]。"
"パッシブ: コンボ倍率（2色同時）","bonus_2c_gl","風雷の律動","2","passive","-","8","wood, light","風/雷を同時に消すと、コンボ倍率にプラス[2 / 3 / 5]。"
"パッシブ: コンボ倍率（2色同時）","bonus_2c_wd","雨月の律動","2","passive","-","8","water, dark","雨/月を同時に消すと、コンボ倍率にプラス[2 / 3 / 5]。"
"パッシブ: コンボ倍率（2色同時）","bonus_2c_gh","風癒の律動","2","passive","-","8","wood, heart","風/ハートを同時に消すと、コンボ倍率にプラス[2 / 3 / 5]。"
"パッシブ: コンボ倍率（2色同時）","bonus_2c_fl","炎雷の律動","2","passive","-","8","fire, light","炎/雷を同時に消すと、コンボ倍率にプラス[2 / 3 / 5]。"
"パッシブ: コンボ倍率（3色同時）","bonus_3c_fdw","業水の律動","2","passive","-","9","fire, dark, water","炎/月/雨を同時に消すと、コンボ倍率にプラス[3 / 5 / 8]。"
"パッシブ: コンボ倍率（3色同時）","bonus_3c_fdl","炎雷月の律動","2","passive","-","9","fire, dark, light","炎/月/雷を同時に消すと、コンボ倍率にプラス[3 / 5 / 8]。"
"パッシブ: コンボ倍率（3色同時）","bonus_3c_whf","紅蓮の律動","2","passive","-","9","water, heart, fire","雨/ハート/炎を同時に消すと、コンボ倍率にプラス[3 / 5 / 8]。"
"パッシブ: コンボ倍率（3色同時）","bonus_3c_whg","蒼風の律動","2","passive","-","9","water, heart, wood","雨/ハート/風を同時に消すと、コンボ倍率にプラス[3 / 5 / 8]。"
"パッシブ: コンボ倍率（3色同時）","bonus_3c_gld","神緑の律動","2","passive","-","9","wood, light, dark","風/雷/月を同時に消すと、コンボ倍率にプラス[3 / 5 / 8]。"
"パッシブ: コンボ倍率（3色同時）","bonus_3c_glh","天恵の律動","2","passive","-","9","wood, light, heart","風/雷/ハートを同時に消すと、コンボ倍率にプラス[3 / 5 / 8]。"
"パッシブ: コンボ倍率（3色同時）","bonus_3c_fwg","天地の律動","2","passive","-","9","fire, water, wood","炎/雨/風を同時に消すと、コンボ倍率にプラス[3 / 5 / 8]。"
"パッシブ: コンボ倍率（3色同時）","bonus_3c_ldh","黄昏の律動","2","passive","-","9","light, dark, heart","雷/月/ハートを同時に消すと、コンボ倍率にプラス[3 / 5 / 8]。"
"パッシブ: コンボ倍率（4色以上・色数指定）","bonus_4c_fwlh","四天の秘儀","2","passive","-","10","fire, water, light, heart","炎/雨/雷/ハートを同時に消すと、基礎コンボ数が[1.5 / 2 / 3]倍になる。"
"パッシブ: コンボ倍率（4色以上・色数指定）","bonus_5c","五色の秘儀","2","passive","-","12","fire, water, wood, light, dark","5色以上を同時に消すと、基礎コンボ数が[2 / 3 / 4]倍になる。"
"パッシブ: コンボ倍率（4色以上・色数指定）","bonus_6c","六色の秘儀","2","passive","-","15","fire, water, wood, light, dark, heart","6色すべてを同時に消すと、基礎コンボ数が[3 / 4 / 5]倍になる。"
"パッシブ: 色消し数ボーナス（6個以上）","req_6_fire","炎の真髄","1","passive","-","9","fire","炎を合計で6個以上消していると、コンボ倍率にプラス[2 / 3 / 4]。"
"パッシブ: 色消し数ボーナス（6個以上）","req_6_water","雨の真髄","1","passive","-","9","water","雨を合計で6個以上消していると、コンボ倍率にプラス[2 / 3 / 4]。"
"パッシブ: 色消し数ボーナス（6個以上）","req_6_wood","風の真髄","1","passive","-","9","wood","風を合計で6個以上消していると、コンボ倍率にプラス[2 / 3 / 4]。"
"パッシブ: 色消し数ボーナス（6個以上）","req_6_light","雷の真髄","1","passive","-","9","light","雷を合計で6個以上消していると、コンボ倍率にプラス[2 / 3 / 4]。"
"パッシブ: 色消し数ボーナス（6個以上）","req_6_dark","月の真髄","1","passive","-","9","dark","月を合計で6個以上消していると、コンボ倍率にプラス[2 / 3 / 4]。"
"パッシブ: 色消し数ボーナス（6個以上）","req_6_heart","癒の真髄","1","passive","-","9","heart","ハートを合計で6個以上消していると、コンボ倍率にプラス[2 / 3 / 4]。"
"パッシブ: 色消し数ボーナス（12個以上）","req_12_fire","炎の極致","2","passive","-","12","fire","炎を合計で12個以上消していると、コンボ倍率にプラス[3 / 4 / 5]。"
"パッシブ: 色消し数ボーナス（12個以上）","req_12_water","雨の極致","2","passive","-","12","water","雨を合計で12個以上消していると、コンボ倍率にプラス[3 / 4 / 5]。"
"パッシブ: 色消し数ボーナス（12個以上）","req_12_wood","風の極致","2","passive","-","12","wood","風を合計で12個以上消していると、コンボ倍率にプラス[3 / 4 / 5]。"
"パッシブ: 色消し数ボーナス（12個以上）","req_12_light","雷の極致","2","passive","-","12","light","雷を合計で12個以上消していると、コンボ倍率にプラス[3 / 4 / 5]。"
"パッシブ: 色消し数ボーナス（12個以上）","req_12_dark","月の極致","2","passive","-","12","dark","月を合計で12個以上消していると、コンボ倍率にプラス[3 / 4 / 5]。"
"パッシブ: 色消し数ボーナス（12個以上）","req_12_heart","癒の極致","2","passive","-","12","heart","ハートを合計で12個以上消していると、コンボ倍率にプラス[3 / 4 / 5]。"
"パッシブ: 属性別コンボ加算（1コンボにつき+N）","cc_add_fire","炎の脈動","1","passive","-","5","fire","炎の1コンボにつきコンボ+[2 / 5 / 10]。"
"パッシブ: 属性別コンボ加算（1コンボにつき+N）","cc_add_water","雨の脈動","1","passive","-","5","water","雨の1コンボにつきコンボ+[2 / 5 / 10]。"
"パッシブ: 属性別コンボ加算（1コンボにつき+N）","cc_add_wood","風の脈動","1","passive","-","5","wood","風の1コンボにつきコンボ+[2 / 5 / 10]。"
"パッシブ: 属性別コンボ加算（1コンボにつき+N）","cc_add_light","雷の脈動","1","passive","-","5","light","雷の1コンボにつきコンボ+[2 / 5 / 10]。"
"パッシブ: 属性別コンボ加算（1コンボにつき+N）","cc_add_dark","月の脈動","1","passive","-","5","dark","月の1コンボにつきコンボ+[2 / 5 / 10]。"
"パッシブ: 属性別コンボ加算（1コンボにつき+N）","cc_add_heart","癒の脈動","1","passive","-","5","heart","ハートの1コンボにつきコンボ+[2 / 5 / 10]。"
"パッシブ: コンボ数ちょうどボーナス","combo_exact_3","五連の巧技","1","passive","-","6","","基礎コンボ数が5コンボ以下の時、コンボ+[15 / 40 / 100]。"
"パッシブ: コンボ数ちょうどボーナス","combo_exact_10","十連の極み","2","passive","-","9","","10コンボ以下でコンボ+[20 / 60 / 150]。"
"パッシブ: コンボ数閾値ボーナス","combo_ge_7","七連の闘気","2","passive","-","10","","7コンボ以上で、コンボ倍率にプラス[2 / 3 / 5]。"
"パッシブ: 特殊消しボーナス","len4","四連の術","1","passive","-","5","","4個ちょうど連結でコンボ+[2 / 6 / 12]。"
"パッシブ: 特殊消しボーナス","row_clear","横一閃","1","passive","-","8","","横1列消しでコンボ+[5 / 15 / 35]。"
"パッシブ: 特殊消しボーナス","square","四方の型","1","passive","-","9","","3x3正方形消し1回につき、基礎コンボ数が[2 / 3 / 5]倍される。"
"パッシブ: 特殊消しボーナス","len5","五星の印","1","passive","-","7","","5個以上連結で次手の操作時間[2 / 3 / 4]倍。"
"パッシブ: 特殊消しボーナス","cross","十字の祈り","1","passive","-","9","","十字型消しで次手の操作時間[2 / 3 / 5]倍。"
"パッシブ: 特殊消しボーナス","l_shape","鉤十字の型","1","passive","-","9","","L字消しでコンボ+[3 / 6 / 9]。"
"パッシブ: 特殊消しボーナス","bonus_heart","癒の波動","1","passive","-","6","heart","ハートドロップを消したコンボ数分、追加でコンボ+[3 / 5 / 7]。"
"パッシブ: 特殊消しボーナス","giant","巨人の領域","3","passive","-","9","","装備中、盤面が7x6に拡張。基礎コンボ数が[2 / 3 / 4]倍になる。"
"パッシブ: 強化ドロップ","mana_crystal","マナの結晶化","1","passive","-","4","","落下ドロップの[5/10/20]%が強化ドロップになる。"
"パッシブ: 強化ドロップ","enhance_amp","強化増幅","2","passive","-","8","","強化1個あたりのコンボ加算を+[2 / 5 / 12]する。"
"パッシブ: 強化ドロップ","over_link","過剰結合","2","passive","-","9","","強化5個以上を消したら、コンボ倍率にプラス[2 / 3 / 5]。"
"パッシブ: 落ちコンボーナス","bonus_skyfall","天恵の追撃","3","passive","-","8","","落ちコン発生時にコンボ+[5 / 15 / 40]。"
"パッシブ: ボムドロップ","bomb_erase_mult","爆熱の余韻","3","passive","-","9","","基礎コンボ数が（1 + ボムの効果で消えたドロップ数 × [2 / 3 / 4]）倍になる。"
"パッシブ: ボムドロップ","ignited_drop_fire","爆炎の兆し","2","passive","-","9","fire","炎ドロップが、[3/5/10]%の確率でボムドロップとして降ってくるようになる。"
"パッシブ: ボムドロップ","ignited_drop_dark","暗黒の兆し","2","passive","-","9","dark","月ドロップが、[3/5/10]%の確率でボムドロップとして降ってくるようになる。"
"パッシブ: リピートドロップ","repeat_combo_mult","連鎖の共鳴","3","passive","-","9","","基礎コンボ数が（1 + リピートドロップの消去数 × [2 / 3 / 4]）倍になる。"
"パッシブ: リピートドロップ","repeat_chance_water","雨波の巡り","2","passive","-","7","water","雨ドロップが、[3/5/10]%の確率でリピートドロップとして降ってくるようになる。"
"パッシブ: リピートドロップ","repeat_chance_heart","生命の巡り","2","passive","-","7","heart","ハートドロップが、[3/5/10]%の確率でリピートドロップとして降ってくるようになる。"
"パッシブ: リピートドロップ","repeat_erase_combo","反響する輪舞","3","passive","-","10","","コンボ倍率にプラス（ターン中にリピートドロップが消えた数 × [2 / 3 / 5]）。"
"パッシブ: リピートドロップ","repeat_extra_activations","無限の風霊","3","passive","-","9","","リピートドロップ消去時、リピート効果が追加で[1 / 2 / 3]回発動する。"
"パッシブ: スタードロップ","star_chance_wood","星宿る風","2","passive","-","8","wood","風ドロップが、[10/30/50]%の確率でスタードロップとして降ってくるようになる。"
"パッシブ: スタードロップ","star_chance_light","星宿る雷","2","passive","-","8","light","雷ドロップが、[10/30/50]%の確率でスタードロップとして降ってくるようになる。"
"パッシブ: スタードロップ","star_erase_mult","星屑の共鳴","3","passive","-","10","","基礎コンボ数が（1 + ターン中にスタードロップが消えた数 × [1 / 2 / 3]）倍になる。"
"パッシブ: スタードロップ","star_earn_boost","星の祝福","2","passive","-","8","","スタードロップが消えた時にもらえるスター（通貨）の数が[3 / 5 / 8]個増える。"
"パッシブ: ムーブドロップ","move_drop","ムーブドロップ","2","passive","-","8","","所持中盤面にムーブドロップを1つ追加。[5 / 3 / 1]マス移動毎にカウント＋1。ターン終了時カウント数分コンボ加算。"
"パッシブ: ムーブドロップ","move_drop_boost","飛躍の歩法","2","passive","-","9","","ムーブドロップが規定マス移動した際、カウントの増加量が+[1 / 2 / 5]される。"
"パッシブ: ムーブドロップ","move_drop_lucky","幸運の歩み","3","passive","-","12","","コンボ終了時、カウントが[7 / 5,7 / 5,7,9]の倍数のムーブドロップがあれば、アクティブスキルをチャージMAXにする(カウント1以上限定)。"
"パッシブ: レジェンド","legend_acrobat","曲芸師","4","passive","-","30","heart","ハートドロップの2コンボ以上達成で、基礎コンボ数が7倍になる。"
"パッシブ: レジェンド","legend_saint","聖女","4","passive","-","30","","呪いトークンの負の効果が発動しなくなる（ロックのカウントは進み、解除は可能）。"
"パッシブ: レジェンド","legend_saint","聖女","4","passive","-","30","","呪いトークンの負の効果が発動しなくなる（ロックのカウントは進み、解除は可能）。"
"パッシブ: レジェンド","legend_inugami","犬神","4","passive","-","30","","基礎コンボ数が100以上の時、基礎コンボ数が10倍になる。"
"パッシブ: レジェンド","legend_sky_god","空の神","4","passive","-","30","","所持トークンが合計10個以下のとき、基礎コンボ数が4倍になる。"
"パッシブ: レジェンド","legend_awakening","覚醒","4","passive","-","30","","全てのドロップが強化（プラス）ドロップとして落ちてくる。"
"パッシブ: レジェンド","legend_magician","魔術師","4","passive","-","30","","他のトークンがエンチャントを入手した際、このトークンにも同じエンチャントが付与される。"
"パッシブ: レジェンド","legend_king","キング","4","passive","-","30","","所持している全てのトークンがレベル3に強化される（新規入手分も含む）。"
"パッシブ: レジェンド","legend_vacation","バカンス","4","passive","-","30","","雷と月のドロップが降ってこなくなる。"
"パッシブ: レジェンド","legend_limit_breaker","神ノ理","4","passive","-","30","","一部パッシブ効果による「動的コンボ倍率の最大上限」を撤廃する。"
"パッシブ: レジェンド","legend_celeb","セレブ","4","passive","-","30","","ショップに星1のトークンが出現しなくなる。"
"パッシブ: レジェンド","legend_chef","料理人","4","passive","-","30","","毎ターン、他のスキルのエネルギーが自動で追加で1回復する。"
"パッシブ: レジェンド","legend_magic_stone","魔法の石","4","passive","-","30","","ゲームオーバーになった時、このトークンが破壊され、手番が５復活する。"
"パッシブ: トークン数・レベル依存","star1_combo_boost","一星の共鳴","2","passive","-","6","","所持している★1トークン数 × [2 / 4 / 8]をコンボ数に加算する。"
"パッシブ: トークン数・レベル依存","star2_time_boost","二星の延刻","2","passive","-","6","","所持している★2トークン数 × [2 / 3 / 4]秒 操作時間を延長する。"
"パッシブ: トークン数・レベル依存","star3_mult_boost","三星の極雷","3","passive","-","9","","所持している★3トークン1個につき、基礎コンボ数が[2 / 3 / 4]倍される。"
"パッシブ: トークン数・レベル依存","enchant_mult_boost","魔導の共犯","3","passive","-","9","","所持しているエンチャント1個につき、基礎コンボ数が[2 / 3 / 4]倍される。"
"パッシブ: トークン数・レベル依存","total_level_boost","全霊の共鳴","3","passive","-","12","","所持しているトークンのレベル数の合計 × [1 / 2 / 4] をコンボ数に加算する。"
"パッシブ: トークン数・レベル依存","level3_count_mult","三魂の極致","3","passive","-","15","","コンボ倍率にプラス（所持しているレベル3トークンの数 × [2 / 3 / 4]）。"
"パッシブ: トークン数・レベル依存","curse_count_mult","厄災の祈り","3","passive","-","15","","コンボ倍率にプラス（所持している呪いの数 × [2 / 3 / 5]）。"
"パッシブ: トークン数・レベル依存","copy_token","模倣の魔鏡","3","passive","-","10","","左隣のトークンの効果とエンチャントをコピーする。自身はレベルアップせず、エンチャントも付与されない。"
"パッシブ: トークン数・レベル依存","duration_booster","刻の歯車","3","passive","-","15","","効果手番があるアクティブスキルの持続時間を [1 / 2 / 3] 手番延長する。"
"パッシブ: 統計依存（コンボ・倍率）","memory_of_combo","コンボの記憶","2","passive","-","6","","現在のゲーム中の「最大コンボ数」5コンボにつき、常にコンボ加算 + [1 / 2 / 3]。"
"パッシブ: 統計依存（コンボ・倍率）","echo_of_max","極大の余韻","3","passive","-","9","","現在のゲーム中の「最大コンボ倍率」の[10/20/50]%を、コンボ倍率にプラスする。"
"パッシブ: 統計依存（コンボ・倍率）","thousand_arms","千手観音","3","passive","-","10","","現在のゲーム中の「累計コンボ数」100ごとに、基礎コンボ数が[2 / 3 / 4]倍される。"
"パッシブ: 統計依存（コンボ・倍率）","curse_eater","呪い喰い","3","passive","-","15","","基礎コンボ数が（1 + 解除した呪いトークンの累計数 × [2 / 3 / 5]）倍になる。"
"パッシブ: 統計依存（コンボ・倍率）","chalice_of_life","生命の器","2","passive","-","10","heart","累計で消去したハートドロップ数30個ごとに、基礎コンボ数が[2 / 3 / 4]倍される。"
"パッシブ: 統計依存（コンボ・倍率）","time_skipper","早送りの極意","2","passive","-","9","","スキップしたターン数5回につき、コンボ倍率にプラス[2 / 3 / 4]。"
"パッシブ: 属性依存・条件付き強化","attr_res_fire","紅炎の共鳴","2","passive","-","8","fire","基礎コンボ数が（1 + 所持している炎属性トークン数 × [0.1 / 0.2 / 0.5]）倍になる。"
"パッシブ: 属性依存・条件付き強化","attr_res_water","蒼氷の共鳴","2","passive","-","8","water","基礎コンボ数が（1 + 所持している雨属性トークン数 × [0.1 / 0.2 / 0.5]）倍になる。"
"パッシブ: 属性依存・条件付き強化","attr_res_wood","翠嵐の共鳴","2","passive","-","8","wood","基礎コンボ数が（1 + 所持している風属性トークン数 × [0.1 / 0.2 / 0.5]）倍になる。"
"パッシブ: 属性依存・条件付き強化","attr_res_light","閃光の共鳴","2","passive","-","8","light","基礎コンボ数が（1 + 所持している雷属性トークン数 × [0.1 / 0.2 / 0.5]）倍になる。"
"パッシブ: 属性依存・条件付き強化","attr_res_dark","常闇の共鳴","2","passive","-","8","dark","基礎コンボ数が（1 + 所持している月属性トークン数 × [0.1 / 0.2 / 0.5]）倍になる。"
"パッシブ: 属性依存・条件付き強化","attr_res_heart","慈愛の共鳴","2","passive","-","8","heart","基礎コンボ数が（1 + 所持している心属性トークン数 × [0.1 / 0.2 / 0.5]）倍になる。"
"パッシブ: 属性依存・条件付き強化","pure_power","純粋なる力","3","passive","-","15","fire, water, wood, light, dark, heart","「時の砂」以外の無属性トークンを所持していない場合、基礎コンボ数が[4 / 5 / 6]倍になる。"
"パッシブ: 統計依存（特殊消し）","seeker_of_cross","十字の求道者","2","passive","-","8","","現在のゲーム中の「十字消し累計回数」5回につき、十字消しの際に追加でコンボ加算 +[1/2/3]。"
"パッシブ: 統計依存（特殊消し）","seeker_of_len4","四連の探求者","2","passive","-","6","","現在のゲーム中の「4個消し累計回数」20回につき、4個消しの際に追加でコンボ加算 +[1/2/3]。"
"パッシブ: 統計依存（特殊消し）","polishing_claw","鉤爪の研鑽","2","passive","-","5","","現在のゲーム中の「L字消し累計回数」1回につき、このトークンの売却値が[1/2/3]上がる。"
"パッシブ: 統計依存（特殊消し）","memory_of_flash","一閃の記憶","2","passive","-","9","","現在のゲーム中の「横1列消し累計回数」5回につき、横1列消し1つにつきコンボ倍率にプラス[2/3/4]。"
"パッシブ: 統計依存（特殊消し）","artisan_of_square","方陣の職人","3","passive","-","10","","現在のゲーム中の「四角消し累計回数」5回につき、コンボ倍率にプラス[2/3/5]。"
"パッシブ: 統計依存（特殊消し）","guide_of_fivestar","五星の導き手","2","passive","-","8","","現在のゲーム中の「5個以上連結消し累計回数」10回につき、5個消しの次手操作時間が +[0.5/1.0/1.5]秒 される。"
"パッシブ: 統計依存（リソース・進行）","pride_of_spendthrift","浪費家の意地","3","passive","-","10","","現在のゲーム中の「累計消費スター数」50★につき、コンボ倍率にプラス[2 / 3 / 4]。"
"パッシブ: 統計依存（リソース・進行）","proof_of_veteran","歴戦の証明","3","passive","-","9","","「現在のクリア回数」の進行ごとに、強化ドロップ確率が +[1/2/3]%。"
"パッシブ: 統計依存（リソース・進行）","end_of_thought","熟考の果て","2","passive","-","10","","「合計操作時間」1分につき、報酬倍率が +[50/100/200]% 加算される。"
"パッシブ: ハイリスク・ハイリターン","desperate_stance","背水の陣","3","passive","-","12","","操作時間が常に4秒固定。基礎コンボ数が[2 / 3 / 4]倍になる。"
"パッシブ: ハイリスク・ハイリターン","greed_power","金満の暴力","1","passive","-","10","","★[20/15/10]個につきコンボ倍率にプラス1。"
"パッシブ: ハイリスク・ハイリターン","picky_eater","偏食家","3","passive","-","9","heart, light, dark","ハート/雷/月が出現しなくなる。手番[−2/−1/±0]。"
"パッシブ: ハイリスク・ハイリターン","cursed_power","呪われた力","1","passive","-","10","","常にコンボ+[15/25/40]。操作時間−3秒。"
"パッシブ: ハイリスク・ハイリターン","critical_passive","会心の一撃","3","passive","-","10","","20%の確率で、コンボ倍率にプラス[20 / 50 / 100]。"
"パッシブ: ハイリスク・ハイリターン","shape_master","百般の型の極意","2","passive","-","12","","1ターンの間に異なる特殊消しを2種類以上発動させると、コンボ倍率にプラス[3 / 4 / 5]。"
"パッシブ: ハイリスク・ハイリターン","zero_charge","静寂の瞑想","1","passive","-","9","","0コンボの時、スキルのエネルギーを[3/5/7]チャージする。"
"パッシブ: ハイリスク・ハイリターン","random_add","気まぐれなダイス","2","passive","-","6","","コンボ加算にランダムな値を追加する"
"パッシブ: ハイリスク・ハイリターン","contract_of_void","虚無の契約","3","passive","-","12","","全エンチャント効果が無効になる代わりに、基礎コンボ数が[3 / 4 / 5]倍になる。"
"パッシブ: ハイリスク・ハイリターン","limit_breaker","限界突破","3","passive","-","15","","一部のパッシブ効果による「動的コンボ倍率の最大上限」をLvで上昇させる(Lv1:x2/Lv2:x5)。Lv3で20倍になる。"
"パッシブ: ハイリスク・ハイリターン","curse_turns","不運の枷","1","curse","-","0","","1サイクルの手番が1減る。"
"パッシブ: ハイリスク・ハイリターン","curse_heart","絶望の癒し","1","curse","-","0","heart","ハートドロップを消してもコンボが増えなくなる。"
"パッシブ: ハイリスク・ハイリターン","curse_time","焦燥の刻印","1","curse","-","0","","操作時間が4秒固定になる。"
"パッシブ: ハイリスク・ハイリターン","curse_skyfall","静寂の呪縛","1","curse","-","0","","常時落ちコンが発生しなくなる。条件達成まで売却不可。"
"パッシブ: ハイリスク・ハイリターン","curse_half","脆弱の断層","1","curse","-","0","","コンボ数が半分になる（倍率0.5）。"
"パッシブ: ハイリスク・ハイリターン","curse_init","無の対価","1","curse","-","0","","獲得時に所持スターが半分になり、スター獲得に必要なコンボ数が1増える。"
"パッシブ: ハイリスク・ハイリターン","curse_double_target","倍加の呪い","1","curse","-","0","","1サイクルの目標値が2倍になる。"
"パッシブ: ハイリスク・ハイリターン","curse_active_time","刹那の呪縛","1","skill","4","0","","2ターン間、操作時間が1秒固定になる。
チャージ4ターン。"
"パッシブ: ハイリスク・ハイリターン","curse_active_passive_null","虚無の封印","1","skill","5","0","","1ターン間、全てのパッシブトークンの効果が発動しない。
チャージ5ターン。"
"パッシブ: ハイリスク・ハイリターン","curse_multiply","増殖","1","skill","5","0","","使用するたび「増殖された呪い」をスロットに生成する。
解除条件：この呪いを3回使用する"
"パッシブ: ハイリスク・ハイリターン","curse_multiplied_p","増殖された呪い","1","passive","-","0","","「増殖」によって生み出された呪い。効果はないが、スロットを圧迫する。"
"パッシブ: ハイリスク・ハイリターン","curse_multiplied_a","増殖された呪い","1","skill","99","0","","「増殖」によって生み出された呪い。効果はなく、使用もできない。"
"パッシブ: 累積消去数トリガー","passive_fire_count","紅炎の供物","2","passive","-","8","fire","炎ドロップを[30/25/20]個消去するたびにランダムなトークンを入手する（枠が空いている時のみ）。"
"パッシブ: 累積消去数トリガー","passive_water_count","蒼雨の供物","2","passive","-","8","water","雨ドロップを[30/25/20]個消去するたびにランダムなトークンにエンチャントを付与する。"
"パッシブ: 累積消去数トリガー","passive_wood_count","翠風の供物","2","passive","-","8","wood","風ドロップを[30/25/20]個消去するたびにスター所持数が1.2倍になる。"
"パッシブ: 累積消去数トリガー","passive_dark_count","常月の供物","2","passive","-","8","dark","月ドロップを[30/25/20]個消去するたびにランダムなトークンが1つレベルアップする（レベルアップ可能なものがある時のみ）。"
"パッシブ: 累積消去数トリガー","passive_light_count","閃雷の供物","2","passive","-","8","light","雷ドロップを[30/25/20]個消去するたびにアクティブスキルのチャージが2たまる。"
"ショップ属性出現率アップ","shop_attr_fire","炎の福音","1","passive","-","4","fire","ショップに炎属性のトークンが出現しやすくなる（×[2/3/4]倍）。"
"ショップ属性出現率アップ","shop_attr_water","雨の福音","1","passive","-","4","water","ショップに雨属性のトークンが出現しやすくなる（×[2/3/4]倍）。"
"ショップ属性出現率アップ","shop_attr_wood","風の福音","1","passive","-","4","wood","ショップに風属性のトークンが出現しやすくなる（×[2/3/4]倍）。"
"ショップ属性出現率アップ","shop_attr_light","雷の福音","1","passive","-","4","light","ショップに雷属性のトークンが出現しやすくなる（×[2/3/4]倍）。"
"ショップ属性出現率アップ","shop_attr_dark","月の福音","1","passive","-","4","dark","ショップに月属性のトークンが出現しやすくなる（×[2/3/4]倍）。"
"ショップ属性出現率アップ","shop_attr_heart","癒の福音","1","passive","-","4","heart","ショップに心(癒)属性のトークンが出現しやすくなる（×[2/3/4]倍）。"
"ショップ属性出現率アップ","shop_attr_none","無の福音","1","passive","-","4","","ショップに無属性のトークンが出現しやすくなる（×[2/3/4]倍）。"
"ショップ属性出現率アップ","additive_mastery","加算の極意","3","passive","-","15","","コンボ倍率系の効果が一切発動しなくなる代わり、すべての「コンボ加算値」が[5/15/30]倍になる。"
"パッシブ: からっぽの財布","empty_wallet","からっぽの財布","2","passive","-","8","","所持スターが[3/5/10]個以下のとき、基礎コンボ数が[1.5/2.2/3.5]倍になる。"
"パッシブ: 星塵の起爆剤","stardust_catalyst","星塵の起爆剤","3","passive","-","10","","ボムドロップとスタードロップを同時に消去した場合、消去後にランダムなドロップ[1/2/3]個がボムドロップとして落下する。"
"パッシブ: ムーブ・リピーター","move_repeater","ムーブ・リピーター","2","passive","-","9","","ムーブドロップのカウントが[30/20/10]蓄積するごとに、盤面のランダムなドロップ1個をリピートドロップに変化させる。"
"パッシブ: 浪費の勲章","medal_of_spendthrift","浪費の勲章","3","passive","-","10","","現在のゲーム中にショップでリロールを行った累計回数[5/3/2]回につき、コンボ倍率に+0.5加算する。"
"スキル: 重力逆転","gravity_overdrive","重力逆転","3","skill","5","10","","１ターンの間、ドロップの落下方向が「上」に逆転する。さらに基礎コンボ数が2倍になる。消費E:5"
"パッシブ: 一筆書きの誓約","one_stroke_seal","一筆書きの誓約","3","passive","-","12","","ドラッグ操作中に一度通過したマスを二度と通過できなくなる（一筆書きルール）。その代わり、基礎コンボ数が[4.0/6.5/10.0]倍になる。"
